-- phpMyAdmin SQL Dump
-- version 4.9.3
-- https://www.phpmyadmin.net/
--
-- Host: localhost:8889
-- Generation Time: Jan 04, 2021 at 06:39 PM
-- Server version: 5.7.26
-- PHP Version: 7.4.2

SET SQL_MODE = "NO_AUTO_VALUE_ON_ZERO";
SET time_zone = "+00:00";


/*!40101 SET @OLD_CHARACTER_SET_CLIENT=@@CHARACTER_SET_CLIENT */;
/*!40101 SET @OLD_CHARACTER_SET_RESULTS=@@CHARACTER_SET_RESULTS */;
/*!40101 SET @OLD_COLLATION_CONNECTION=@@COLLATION_CONNECTION */;
/*!40101 SET NAMES utf8mb4 */;

--
-- Database: `fillthefridge`
--

-- --------------------------------------------------------

--
-- Table structure for table `Categories`
--

CREATE TABLE `Categories` (
  `id` int(11) NOT NULL,
  `title` varchar(255) DEFAULT NULL,
  `image` varchar(255) DEFAULT NULL,
  `createdAt` datetime NOT NULL,
  `updatedAt` datetime NOT NULL
) ENGINE=InnoDB DEFAULT CHARSET=utf8;

--
-- Dumping data for table `Categories`
--

INSERT INTO `Categories` (`id`, `title`, `image`, `createdAt`, `updatedAt`) VALUES
(1, 'Viandes', 'https://www.clement-bonneau.fr/FillTheFridge/images/categories/viandes.jpg', '2020-11-26 20:52:38', '2020-11-26 20:52:38'),
(2, 'Poissons', 'https://www.clement-bonneau.fr/FillTheFridge/images/categories/poissons.jpg', '2020-11-26 20:52:38', '2020-11-26 20:52:38'),
(4, 'Fruits & Légumes', 'https://www.clement-bonneau.fr/FillTheFridge/images/categories/legumes.jpg', '2020-12-02 15:59:54', '2020-12-02 15:59:54'),
(5, 'Pains & pâtisseries', 'https://www.clement-bonneau.fr/FillTheFridge/images/categories/pains_patisseries.jpg', '2020-12-02 17:41:09', '2020-12-02 17:41:09'),
(6, 'Produits frais', 'https://www.clement-bonneau.fr/FillTheFridge/images/categories/frais.jpg', '2020-12-02 17:41:09', '2020-12-02 17:41:09'),
(7, 'Surgelés', 'https://www.clement-bonneau.fr/FillTheFridge/images/categories/surgeles.jpg', '2020-12-02 17:42:24', '2020-12-02 17:42:24'),
(8, 'Epicerie salée', 'https://www.clement-bonneau.fr/FillTheFridge/images/categories/epicerie_salee.jpg', '2020-12-02 17:42:24', '2020-12-02 17:42:24'),
(9, 'Epicerie sucrée', 'https://www.clement-bonneau.fr/FillTheFridge/images/categories/epicerie_sucree.jpg', '2020-12-02 17:43:16', '2020-12-02 17:43:16'),
(10, 'Boissons', 'https://www.clement-bonneau.fr/FillTheFridge/images/categories/boissons.jpg', '2020-12-02 17:43:16', '2020-12-02 17:43:16'),
(11, 'Bébé', 'https://www.clement-bonneau.fr/FillTheFridge/images/categories/bebe.jpg', '2020-12-02 17:44:11', '2020-12-02 17:44:11'),
(12, 'Hygiène & beauté', 'https://www.clement-bonneau.fr/FillTheFridge/images/categories/hygiene_beaute.jpg', '2020-12-02 17:44:11', '2020-12-02 17:44:11'),
(13, 'Entretien & nettoyage', 'https://www.clement-bonneau.fr/FillTheFridge/images/categories/entretien_nettoyage.jpg', '2020-12-02 17:45:05', '2020-12-02 17:45:05'),
(14, 'Animalerie', 'https://www.clement-bonneau.fr/FillTheFridge/images/categories/animalerie.jpg', '2020-12-02 17:45:05', '2020-12-02 17:45:05'),
(15, 'Produits divers', 'https://www.clement-bonneau.fr/FillTheFridge/images/categories/produits_divers.jpg', '2020-12-02 17:46:25', '2020-12-02 17:46:25');

-- --------------------------------------------------------

--
-- Table structure for table `Products`
--

CREATE TABLE `Products` (
  `id` int(11) NOT NULL,
  `title` varchar(255) DEFAULT NULL,
  `createdAt` datetime NOT NULL,
  `updatedAt` datetime NOT NULL,
  `subcategory_id` int(11) DEFAULT NULL
) ENGINE=InnoDB DEFAULT CHARSET=utf8;

--
-- Dumping data for table `Products`
--

INSERT INTO `Products` (`id`, `title`, `createdAt`, `updatedAt`, `subcategory_id`) VALUES
(1, 'Nourriture poissons', '2020-12-04 22:03:54', '2020-12-04 22:03:54', 65),
(2, 'Produit aquarium', '2020-12-04 22:03:54', '2020-12-04 22:03:54', 65),
(3, 'Croquettes pour chat', '2020-12-04 22:12:06', '2020-12-04 22:12:06', 64),
(4, 'Pâté pour chat', '2020-12-04 22:12:06', '2020-12-04 22:12:06', 64),
(5, 'Croquettes pour chiens', '2020-12-04 22:14:06', '2020-12-04 22:14:06', 63),
(6, 'Pâté pour chiens', '2020-12-04 22:14:06', '2020-12-04 22:14:06', 63),
(7, 'Vin blanc', '2020-12-04 22:25:10', '2020-12-04 22:25:10', 49),
(8, 'Vin rouge', '2020-12-04 22:25:10', '2020-12-04 22:25:10', 49),
(9, 'Bière', '2020-12-04 22:25:41', '2020-12-04 22:25:41', 49),
(10, 'Eau', '2020-12-04 22:26:13', '2020-12-04 22:26:13', 48),
(11, 'Lait', '2020-12-04 22:26:13', '2020-12-04 22:26:13', 48),
(12, 'Lait en poudre', '2020-12-04 22:27:11', '2020-12-04 22:27:11', 50),
(13, 'Petits pots', '2020-12-04 22:27:11', '2020-12-04 22:27:11', 50),
(14, 'Couches', '2020-12-04 22:28:37', '2020-12-04 22:28:37', 51),
(15, 'Bavoir', '2020-12-04 22:28:37', '2020-12-04 22:28:37', 51),
(16, 'Balai', '2020-12-04 22:29:49', '2020-12-04 22:29:49', 62),
(17, 'Balayette', '2020-12-04 22:29:49', '2020-12-04 22:29:49', 62),
(18, 'Sac aspirateur', '2020-12-04 22:30:43', '2020-12-04 22:30:43', 62),
(19, 'Chiffon', '2020-12-04 22:31:18', '2020-12-04 22:31:18', 62),
(20, 'Lessive', '2020-12-04 22:31:41', '2020-12-04 22:31:41', 59),
(21, 'Assouplissant', '2020-12-04 22:31:41', '2020-12-04 22:31:41', 59),
(22, 'Nettoyant carrelage', '2020-12-04 22:32:27', '2020-12-04 22:32:27', 61),
(23, 'Nettoyant parquet', '2020-12-04 22:32:27', '2020-12-04 22:32:27', 61),
(24, 'Nettoyant sol', '2020-12-04 22:33:17', '2020-12-04 22:33:17', 61),
(25, 'Nettoyant vitres', '2020-12-04 22:33:42', '2020-12-04 22:33:42', 61),
(26, 'Liquide vaisselle', '2020-12-04 22:34:18', '2020-12-04 22:34:18', 60),
(27, 'Eponge', '2020-12-04 22:34:18', '2020-12-04 22:34:18', 60),
(28, 'Cube de bouillon', '2020-12-04 22:35:39', '2020-12-04 22:35:39', 41),
(29, 'Gâteaux apéritifs', '2020-12-04 22:37:14', '2020-12-04 22:37:14', 39),
(30, 'Chips', '2020-12-04 22:37:14', '2020-12-04 22:37:14', 39),
(31, 'Cornichons', '2020-12-04 22:38:46', '2020-12-04 22:38:46', 40),
(32, 'Olives', '2020-12-04 22:38:46', '2020-12-04 22:38:46', 40),
(33, 'Piments', '2020-12-04 22:40:13', '2020-12-04 22:40:13', 40),
(34, 'Sel fin', '2020-12-04 22:40:51', '2020-12-04 22:40:51', 40),
(35, 'Gros sel', '2020-12-04 22:41:04', '2020-12-04 22:41:04', 40),
(36, 'Poivre', '2020-12-04 22:41:27', '2020-12-04 22:41:27', 40),
(37, 'Herbes de Provence', '2020-12-04 22:41:39', '2020-12-04 22:41:39', 40),
(38, 'Persil', '2020-12-04 22:42:09', '2020-12-04 22:42:09', 40),
(39, 'Jus de citron', '2020-12-04 22:42:45', '2020-12-04 22:42:45', 40),
(40, 'Petits pois', '2020-12-04 22:43:00', '2020-12-04 22:43:00', 37),
(41, 'Haricots verts', '2020-12-04 22:43:00', '2020-12-04 22:43:00', 37),
(42, 'Haricots blancs', '2020-12-04 22:43:57', '2020-12-04 22:43:57', 37),
(43, 'Haricots beurre', '2020-12-04 22:44:25', '2020-12-04 22:44:25', 37),
(44, 'Petits pois & carottes', '2020-12-04 22:44:59', '2020-12-04 22:44:59', 37),
(45, 'Carottes', '2020-12-04 22:45:24', '2020-12-04 22:45:24', 37),
(46, 'Flageolets verts', '2020-12-04 22:45:53', '2020-12-04 22:45:53', 37),
(47, 'Epinards', '2020-12-04 22:46:22', '2020-12-04 22:46:22', 37),
(48, 'Lentilles', '2020-12-04 22:46:40', '2020-12-04 22:46:40', 37),
(49, 'Champignons de Paris', '2020-12-04 22:47:06', '2020-12-04 22:47:06', 37),
(50, 'Haricots rouges', '2020-12-04 22:47:42', '2020-12-04 22:47:42', 37),
(51, 'Salsifis', '2020-12-04 22:48:10', '2020-12-04 22:48:10', 37),
(52, 'Tomates entières', '2020-12-04 22:48:10', '2020-12-04 22:48:10', 37),
(53, 'Maïs', '2020-12-04 22:49:05', '2020-12-04 22:49:05', 37),
(54, 'Asperges', '2020-12-04 22:49:30', '2020-12-04 22:49:30', 37),
(55, 'Thon', '2020-12-04 22:50:10', '2020-12-04 22:50:10', 37),
(56, 'Sardines', '2020-12-04 22:50:28', '2020-12-04 22:50:28', 37),
(57, 'Maquereaux', '2020-12-04 22:50:40', '2020-12-04 22:50:40', 37),
(58, 'Pâté', '2020-12-04 22:51:18', '2020-12-04 22:51:18', 37),
(59, 'Pâtes', '2020-12-04 22:51:39', '2020-12-04 22:51:39', 35),
(60, 'Riz', '2020-12-04 22:51:39', '2020-12-04 22:51:39', 35),
(61, 'Purée', '2020-12-04 22:53:15', '2020-12-04 22:53:15', 35),
(62, 'Hachis parmentier', '2020-12-04 22:54:49', '2020-12-04 22:54:49', 38),
(63, 'Lasagnes', '2020-12-04 22:54:49', '2020-12-04 22:54:49', 38),
(64, 'Sauce tomate', '2020-12-04 22:55:48', '2020-12-04 22:55:48', 36),
(65, 'Concentré de tomates', '2020-12-04 22:55:48', '2020-12-04 22:55:48', 36),
(66, 'Ketchup', '2020-12-04 22:56:32', '2020-12-04 22:56:32', 36),
(67, 'Mayonnaise', '2020-12-04 22:56:51', '2020-12-04 22:56:51', 36),
(68, 'Huile', '2020-12-04 22:57:16', '2020-12-04 22:57:16', 40),
(69, 'Vinaigrette', '2020-12-04 22:57:27', '2020-12-04 22:57:27', 40),
(70, 'Fajitas', '2020-12-04 22:58:27', '2020-12-04 22:58:27', 43),
(71, 'Tortillas', '2020-12-04 22:58:27', '2020-12-04 22:58:27', 43),
(72, 'Nems', '2020-12-04 22:59:03', '2020-12-04 22:59:03', 43),
(73, 'Burritos', '2020-12-04 22:59:17', '2020-12-04 22:59:17', 43),
(74, 'Tacos', '2020-12-04 22:59:50', '2020-12-04 22:59:50', 43),
(75, 'Potage', '2020-12-04 23:00:32', '2020-12-04 23:00:32', 42),
(76, 'Velouté', '2020-12-04 23:00:32', '2020-12-04 23:00:32', 42),
(77, 'Croutons', '2020-12-04 23:01:29', '2020-12-04 23:01:29', 42),
(78, 'Thé', '2020-12-04 23:02:19', '2020-12-04 23:02:19', 44),
(79, 'Café', '2020-12-04 23:02:19', '2020-12-04 23:02:19', 44),
(80, 'Chocolat en poudre', '2020-12-04 23:02:44', '2020-12-04 23:02:44', 44),
(81, 'Chocolat pâtissier', '2020-12-04 23:03:16', '2020-12-04 23:03:16', 46),
(82, 'Chocolat', '2020-12-04 23:03:16', '2020-12-04 23:03:16', 46),
(83, 'Bonbons', '2020-12-04 23:04:15', '2020-12-04 23:04:15', 46),
(84, 'Céréales', '2020-12-04 23:04:34', '2020-12-04 23:04:34', 45),
(85, 'Biscuits', '2020-12-04 23:04:34', '2020-12-04 23:04:34', 45),
(86, 'Brioche', '2020-12-04 23:06:01', '2020-12-04 23:06:01', 45),
(87, 'Farine', '2020-12-04 23:06:28', '2020-12-04 23:06:28', 47),
(88, 'Sucre en poudre', '2020-12-04 23:06:28', '2020-12-04 23:06:28', 47),
(89, 'Levure', '2020-12-04 23:06:59', '2020-12-04 23:06:59', 47),
(98, 'Bananes', '2020-12-08 22:31:16', '2020-12-08 22:31:16', 72),
(99, 'Melons', '2020-12-08 22:31:16', '2020-12-08 22:31:16', 72),
(100, 'Cerises', '2020-12-08 22:31:53', '2020-12-08 22:31:53', 72),
(101, 'Prunes', '2020-12-08 22:32:08', '2020-12-08 22:32:08', 72),
(102, 'Abricots', '2020-12-08 22:32:36', '2020-12-08 22:32:36', 72),
(103, 'Fraises', '2020-12-08 22:32:58', '2020-12-08 22:32:58', 72),
(104, 'Framboises', '2020-12-08 22:33:14', '2020-12-08 22:33:14', 72),
(105, 'Pommes', '2020-12-08 22:33:33', '2020-12-08 22:33:33', 72),
(106, 'Figues', '2020-12-08 22:33:48', '2020-12-08 22:33:48', 72),
(107, 'Nectarines', '2020-12-08 22:33:48', '2020-12-08 22:33:48', 72),
(108, 'Pastèque', '2020-12-08 22:34:34', '2020-12-08 22:34:34', 72),
(109, 'Pêches', '2020-12-08 22:35:01', '2020-12-08 22:35:01', 72),
(110, 'Poires', '2020-12-08 22:35:18', '2020-12-08 22:35:18', 72),
(111, 'Raisins', '2020-12-08 22:35:36', '2020-12-08 22:35:36', 72),
(112, 'Clémentines', '2020-12-08 22:35:53', '2020-12-08 22:35:53', 72),
(113, 'Mandarines', '2020-12-08 22:35:53', '2020-12-08 22:35:53', 72),
(114, 'Oranges', '2020-12-08 22:36:53', '2020-12-08 22:36:53', 72),
(115, 'Ananas', '2020-12-08 22:37:13', '2020-12-08 22:37:13', 72),
(116, 'Avocats', '2020-12-08 22:37:13', '2020-12-08 22:37:13', 72),
(117, 'Citrons jaunes', '2020-12-08 22:37:58', '2020-12-08 22:37:58', 72),
(118, 'Citrons verts', '2020-12-08 22:38:12', '2020-12-08 22:38:12', 72),
(119, 'Kiwi', '2020-12-08 22:38:34', '2020-12-08 22:38:34', 72),
(120, 'Pamplemousse', '2020-12-08 22:38:53', '2020-12-08 22:38:53', 72),
(121, 'Artichaut', '2020-12-08 22:39:19', '2020-12-08 22:39:19', 73),
(122, 'Asperges', '2020-12-08 22:39:19', '2020-12-08 22:39:19', 73),
(123, 'Aubergine', '2020-12-08 22:40:15', '2020-12-08 22:40:15', 73),
(124, 'Carottes', '2020-12-08 22:40:34', '2020-12-08 22:40:34', 73),
(125, 'Chou rouge', '2020-12-08 22:40:52', '2020-12-08 22:40:52', 73),
(126, 'Concombre', '2020-12-08 22:41:34', '2020-12-08 22:41:34', 73),
(127, 'Courgettes', '2020-12-08 22:41:52', '2020-12-08 22:41:52', 73),
(128, 'Epinards', '2020-12-08 22:42:12', '2020-12-08 22:42:12', 73),
(129, 'Oignons', '2020-12-08 22:42:30', '2020-12-08 22:42:30', 73),
(130, 'Poireau', '2020-12-08 22:42:51', '2020-12-08 22:42:51', 73),
(131, 'Poivron', '2020-12-08 22:43:09', '2020-12-08 22:43:09', 73),
(132, 'Radis', '2020-12-08 22:43:36', '2020-12-08 22:43:36', 73),
(133, 'Salade', '2020-12-08 22:43:49', '2020-12-08 22:43:49', 73),
(134, 'Tomates', '2020-12-08 22:44:26', '2020-12-08 22:44:26', 73),
(135, 'Ail', '2020-12-08 22:44:43', '2020-12-08 22:44:43', 73),
(136, 'Brocoli', '2020-12-08 22:44:43', '2020-12-08 22:44:43', 73),
(137, 'Courge', '2020-12-08 22:45:36', '2020-12-08 22:45:36', 73),
(138, 'Haricots verts', '2020-12-08 22:46:01', '2020-12-08 22:46:01', 73),
(139, 'Endive', '2020-12-08 22:46:46', '2020-12-08 22:46:46', 73),
(140, 'Mâche', '2020-12-08 22:47:05', '2020-12-08 22:47:05', 73),
(141, 'Potiron', '2020-12-08 22:47:26', '2020-12-08 22:47:26', 73),
(142, 'Pommes de terre', '2020-12-08 22:48:10', '2020-12-08 22:48:10', 73),
(143, 'Gel douche', '2020-12-08 22:53:32', '2020-12-08 22:53:32', 52),
(144, 'Savon solide', '2020-12-08 22:53:32', '2020-12-08 22:53:32', 52),
(145, 'Lait de douche', '2020-12-08 22:55:21', '2020-12-08 22:55:21', 52),
(146, 'Déodorant', '2020-12-08 22:55:52', '2020-12-08 22:55:52', 52),
(147, 'Gel hydroalcoolique', '2020-12-08 22:56:06', '2020-12-08 22:56:06', 52),
(148, 'Gel désinfectant', '2020-12-08 22:56:50', '2020-12-08 22:56:50', 52),
(149, 'Savon pour les mains', '2020-12-08 22:56:50', '2020-12-08 22:56:50', 52),
(150, 'Brosse à dents', '2020-12-08 22:57:55', '2020-12-08 22:57:55', 55),
(151, 'Dentifrice', '2020-12-08 22:57:55', '2020-12-08 22:57:55', 55),
(152, 'Recharges brosse à dents élec', '2020-12-08 22:58:31', '2020-12-08 22:58:31', 55),
(153, 'Bain de bouche', '2020-12-08 22:59:03', '2020-12-08 22:59:03', 55),
(154, 'Fil dentaire', '2020-12-08 22:59:25', '2020-12-08 22:59:25', 55),
(155, 'Tampons hygiéniques', '2020-12-08 22:59:40', '2020-12-08 22:59:40', 56),
(156, 'Serviettes hygiéniques', '2020-12-08 22:59:40', '2020-12-08 22:59:40', 56),
(157, 'Cup menstruelle', '2020-12-08 23:00:33', '2020-12-08 23:00:33', 56),
(158, 'Lingettes hygiéniques', '2020-12-08 23:00:53', '2020-12-08 23:00:53', 56),
(159, 'Gel intime', '2020-12-08 23:01:11', '2020-12-08 23:01:11', 56),
(160, 'Papier toilettes', '2020-12-08 23:01:32', '2020-12-08 23:01:32', 58),
(161, 'Essuie tout', '2020-12-08 23:01:32', '2020-12-08 23:01:32', 58),
(162, 'Cotons démaquillants', '2020-12-08 23:02:24', '2020-12-08 23:02:24', 58),
(163, 'Shampoing', '2020-12-08 23:03:57', '2020-12-08 23:03:57', 54),
(164, 'Masque de cheveux', '2020-12-08 23:03:57', '2020-12-08 23:03:57', 54),
(165, 'Peigne à cheveux', '2020-12-08 23:05:09', '2020-12-08 23:05:09', 54),
(166, 'Brosse à cheveux', '2020-12-08 23:05:29', '2020-12-08 23:05:29', 54),
(167, 'Pinces à cheveux', '2020-12-08 23:05:56', '2020-12-08 23:05:56', 54),
(168, 'Elastiques à cheveux', '2020-12-08 23:06:13', '2020-12-08 23:06:13', 54),
(169, 'Spray coiffant', '2020-12-08 23:06:32', '2020-12-08 23:06:32', 54),
(170, 'Spray démêlant', '2020-12-08 23:06:51', '2020-12-08 23:06:51', 54),
(171, 'Mousse à boucles', '2020-12-08 23:07:10', '2020-12-08 23:07:10', 54),
(172, 'Laque', '2020-12-08 23:07:46', '2020-12-08 23:07:46', 54),
(173, 'Gel coiffant', '2020-12-08 23:08:00', '2020-12-08 23:08:00', 54),
(174, 'Cire coiffante', '2020-12-08 23:08:23', '2020-12-08 23:08:23', 54),
(175, 'Crème hydratante', '2020-12-08 23:08:40', '2020-12-08 23:08:40', 53),
(176, 'Base de teint', '2020-12-08 23:08:40', '2020-12-08 23:08:40', 53),
(177, 'Fond de teint', '2020-12-08 23:10:23', '2020-12-08 23:10:23', 53),
(178, 'Anti cernes', '2020-12-08 23:10:43', '2020-12-08 23:10:43', 53),
(179, 'Poudre de teint', '2020-12-08 23:11:02', '2020-12-08 23:11:02', 53),
(180, 'Bronzeur', '2020-12-08 23:11:23', '2020-12-08 23:11:23', 53),
(181, 'Blush', '2020-12-08 23:11:43', '2020-12-08 23:11:43', 53),
(182, 'Eye lighter', '2020-12-08 23:12:01', '2020-12-08 23:12:01', 53),
(183, 'Crayon à sourcils', '2020-12-08 23:12:16', '2020-12-08 23:12:16', 53),
(184, 'Gel à sourcils', '2020-12-08 23:12:46', '2020-12-08 23:12:46', 53),
(185, 'Mascara à sourcils', '2020-12-08 23:13:07', '2020-12-08 23:13:07', 53),
(186, 'Mascara', '2020-12-08 23:13:27', '2020-12-08 23:13:27', 53),
(187, 'Crayon khôl', '2020-12-08 23:13:46', '2020-12-08 23:13:46', 53),
(188, 'Fard à paupières', '2020-12-08 23:14:33', '2020-12-08 23:14:33', 53),
(189, 'Crayon à lèvres', '2020-12-08 23:15:00', '2020-12-08 23:15:00', 53),
(190, 'Rouge à lèvres', '2020-12-08 23:15:19', '2020-12-08 23:15:19', 53),
(191, 'Gloss', '2020-12-08 23:15:34', '2020-12-08 23:15:34', 53),
(192, 'Masque du visage', '2020-12-08 23:15:50', '2020-12-08 23:15:50', 53),
(193, 'Masque en tissu', '2020-12-08 23:15:50', '2020-12-08 23:15:50', 53),
(194, 'Baume à lèvres', '2020-12-08 23:16:40', '2020-12-08 23:16:40', 53),
(195, 'Démaquillant', '2020-12-08 23:16:57', '2020-12-08 23:16:57', 53),
(196, 'Nettoyant visage', '2020-12-08 23:17:32', '2020-12-08 23:17:32', 53),
(197, 'Pinceau maquillage', '2020-12-08 23:18:03', '2020-12-08 23:18:03', 53),
(198, 'Eponge maquillage', '2020-12-08 23:18:03', '2020-12-08 23:18:03', 53),
(199, 'Baguette', '2021-01-04 16:05:32', '2021-01-04 16:05:32', 20),
(200, 'Pain de campagne', '2021-01-04 16:05:32', '2021-01-04 16:05:32', 20),
(201, 'Pain de mie', '2021-01-04 16:07:05', '2021-01-04 16:07:05', 21),
(202, 'Pain burgers', '2021-01-04 16:07:05', '2021-01-04 16:07:05', 21),
(203, 'Pain viennois', '2021-01-04 16:07:43', '2021-01-04 16:07:43', 21),
(204, 'Pain hot dog', '2021-01-04 16:08:20', '2021-01-04 16:08:20', 21),
(205, 'Pains grillés', '2021-01-04 16:08:45', '2021-01-04 16:08:45', 21),
(206, 'Biscottes', '2021-01-04 16:08:45', '2021-01-04 16:08:45', 21),
(207, 'Croissants', '2021-01-04 16:12:01', '2021-01-04 16:12:01', 22),
(208, 'Pains au chocolat', '2021-01-04 16:12:01', '2021-01-04 16:12:01', 22),
(209, 'Gâteau au chocolat', '2021-01-04 16:12:43', '2021-01-04 16:12:43', 22),
(210, 'Tarte aux fraises', '2021-01-04 16:13:23', '2021-01-04 16:13:23', 22),
(211, 'Brioche', '2021-01-04 16:13:42', '2021-01-04 16:13:42', 21),
(212, 'Saumon fumé', '2021-01-04 16:14:26', '2021-01-04 16:14:26', 19),
(213, 'Anchois', '2021-01-04 16:14:26', '2021-01-04 16:14:26', 19),
(214, 'Surimi', '2021-01-04 16:16:40', '2021-01-04 16:16:40', 19),
(215, 'Thon en boîte', '2021-01-04 16:17:25', '2021-01-04 16:17:25', 19),
(216, 'Tarama', '2021-01-04 16:17:46', '2021-01-04 16:17:46', 19),
(217, 'Saumon', '2021-01-04 16:18:05', '2021-01-04 16:18:05', 18),
(218, 'Crevettes', '2021-01-04 16:18:05', '2021-01-04 16:18:05', 18),
(219, 'Crabe', '2021-01-04 16:19:02', '2021-01-04 16:19:02', 18),
(220, 'Dorade', '2021-01-04 16:19:16', '2021-01-04 16:19:16', 18),
(221, 'Cabillaud', '2021-01-04 16:19:31', '2021-01-04 16:19:31', 18),
(222, 'Huîtres', '2021-01-04 16:19:51', '2021-01-04 16:19:51', 18),
(223, 'Moules', '2021-01-04 16:20:10', '2021-01-04 16:20:10', 18),
(224, 'Couverts', '2021-01-04 16:21:11', '2021-01-04 16:21:11', 67),
(225, 'Assiettes', '2021-01-04 16:21:11', '2021-01-04 16:21:11', 67),
(226, 'Plats', '2021-01-04 16:22:53', '2021-01-04 16:22:53', 67),
(227, 'Poêle', '2021-01-04 16:23:08', '2021-01-04 16:23:08', 67),
(228, 'Casserole', '2021-01-04 16:23:24', '2021-01-04 16:23:24', 67),
(229, 'Verres', '2021-01-04 16:23:41', '2021-01-04 16:23:41', 67),
(230, 'Serviettes', '2021-01-04 16:24:30', '2021-01-04 16:24:30', 67),
(231, 'Sac poubelle', '2021-01-04 16:24:30', '2021-01-04 16:24:30', 67),
(232, 'Papier cuisson', '2021-01-04 16:25:02', '2021-01-04 16:25:02', 67),
(233, 'Film étirable', '2021-01-04 16:25:22', '2021-01-04 16:25:22', 67),
(234, 'Papier aluminium', '2021-01-04 16:25:44', '2021-01-04 16:25:44', 67),
(235, 'Sacs de congélation', '2021-01-04 16:26:08', '2021-01-04 16:26:08', 67),
(236, 'Terreau', '2021-01-04 16:26:34', '2021-01-04 16:26:34', 69),
(237, 'Chlore', '2021-01-04 16:26:34', '2021-01-04 16:26:34', 69),
(238, 'Charbon de bois', '2021-01-04 16:27:27', '2021-01-04 16:27:27', 69),
(239, 'Allume feu', '2021-01-04 16:27:44', '2021-01-04 16:27:44', 69),
(240, 'Piles', '2021-01-04 16:28:01', '2021-01-04 16:28:01', 66),
(241, 'Ampoules', '2021-01-04 16:28:01', '2021-01-04 16:28:01', 66),
(242, 'Multiprises', '2021-01-04 16:28:52', '2021-01-04 16:28:52', 66),
(243, 'Colle', '2021-01-04 16:29:19', '2021-01-04 16:29:19', 66),
(244, 'Briquets', '2021-01-04 16:29:38', '2021-01-04 16:29:38', 66),
(245, 'Allumettes', '2021-01-04 16:29:52', '2021-01-04 16:29:52', 66),
(246, 'Bougies', '2021-01-04 16:30:10', '2021-01-04 16:30:10', 66),
(247, 'Feuilles blanches', '2021-01-04 16:30:24', '2021-01-04 16:30:24', 70),
(248, 'Crayons de couleurs', '2021-01-04 16:30:24', '2021-01-04 16:30:24', 70),
(249, 'Stylos', '2021-01-04 16:31:06', '2021-01-04 16:31:06', 70),
(250, 'Classeurs', '2021-01-04 16:31:19', '2021-01-04 16:31:19', 70),
(251, 'Encre imprimante', '2021-01-04 16:31:34', '2021-01-04 16:31:34', 70),
(252, 'Ciseaux', '2021-01-04 16:31:50', '2021-01-04 16:31:50', 70),
(253, 'Huile moteur', '2021-01-04 16:32:06', '2021-01-04 16:32:06', 71),
(254, 'Lave glace', '2021-01-04 16:32:06', '2021-01-04 16:32:06', 71),
(255, 'Rideaux', '2021-01-04 16:32:51', '2021-01-04 16:32:51', 68),
(256, 'Nappe', '2021-01-04 16:32:51', '2021-01-04 16:32:51', 68),
(257, 'Vêtements', '2021-01-04 16:33:17', '2021-01-04 16:33:17', 68),
(258, 'Beurre doux', '2021-01-04 16:33:35', '2021-01-04 16:33:35', 24),
(259, 'Beurre demi sel', '2021-01-04 16:33:35', '2021-01-04 16:33:35', 24),
(260, 'Crème fraîche', '2021-01-04 16:34:20', '2021-01-04 16:34:20', 24),
(261, 'Margarine', '2021-01-04 16:34:45', '2021-01-04 16:34:45', 24),
(262, 'Saucisson', '2021-01-04 16:35:35', '2021-01-04 16:35:35', 26),
(263, 'Jambon de pays', '2021-01-04 16:35:35', '2021-01-04 16:35:35', 26),
(264, 'Jambon blanc', '2021-01-04 16:36:17', '2021-01-04 16:36:17', 26),
(265, 'Lardons', '2021-01-04 16:36:30', '2021-01-04 16:36:30', 26),
(266, 'Blancs de poulet', '2021-01-04 16:36:44', '2021-01-04 16:36:44', 26),
(267, 'Blancs de dinde', '2021-01-04 16:37:04', '2021-01-04 16:37:04', 26),
(268, 'Bacon', '2021-01-04 16:37:18', '2021-01-04 16:37:18', 26),
(269, 'Rillettes', '2021-01-04 16:37:38', '2021-01-04 16:37:38', 26),
(270, 'Pâté', '2021-01-04 16:37:38', '2021-01-04 16:37:38', 26),
(271, 'Chorizo', '2021-01-04 16:38:44', '2021-01-04 16:38:44', 26),
(272, 'Yaourts', '2021-01-04 16:39:57', '2021-01-04 16:39:57', 29),
(273, 'Compotes', '2021-01-04 16:39:57', '2021-01-04 16:39:57', 29),
(274, 'Fromage blanc', '2021-01-04 16:40:35', '2021-01-04 16:40:35', 29),
(275, 'Gruyère', '2021-01-04 16:41:22', '2021-01-04 16:41:22', 25),
(276, 'Fromage', '2021-01-04 16:41:22', '2021-01-04 16:41:22', 25),
(277, 'Lait', '2021-01-04 16:42:24', '2021-01-04 16:42:24', 23),
(278, 'Oeufs', '2021-01-04 16:42:24', '2021-01-04 16:42:24', 23),
(279, 'Taboulé', '2021-01-04 16:43:30', '2021-01-04 16:43:30', 27),
(280, 'Carottes râpées', '2021-01-04 16:43:30', '2021-01-04 16:43:30', 27),
(281, 'Piémontaise', '2021-01-04 16:43:58', '2021-01-04 16:43:58', 27),
(282, 'Cordons bleus', '2021-01-04 16:45:08', '2021-01-04 16:45:08', 27),
(283, 'Plats cuisinés', '2021-01-04 16:45:45', '2021-01-04 16:45:45', 27),
(284, 'Feuilletés au fromage', '2021-01-04 16:47:10', '2021-01-04 16:47:10', 30),
(285, 'Minis pizza', '2021-01-04 16:47:10', '2021-01-04 16:47:10', 30),
(286, 'Cheeseburger', '2021-01-04 16:48:07', '2021-01-04 16:48:07', 30),
(287, 'Amuses bouche', '2021-01-04 16:48:38', '2021-01-04 16:48:38', 30),
(288, 'Glaces', '2021-01-04 16:48:55', '2021-01-04 16:48:55', 34),
(289, 'Bûche glacée', '2021-01-04 16:48:55', '2021-01-04 16:48:55', 34),
(290, 'Crème glacée', '2021-01-04 16:49:45', '2021-01-04 16:49:45', 34),
(291, 'Frites surgelés', '2021-01-04 16:50:04', '2021-01-04 16:50:04', 33),
(292, 'Légumes surgelés', '2021-01-04 16:50:04', '2021-01-04 16:50:04', 33),
(293, 'Lasagnes', '2021-01-04 16:51:03', '2021-01-04 16:51:03', 31),
(294, 'Hachis parmentier', '2021-01-04 16:51:03', '2021-01-04 16:51:03', 31),
(295, 'Pizzas', '2021-01-04 16:52:41', '2021-01-04 16:52:41', 31),
(296, 'Colin d\'Alaska', '2021-01-04 16:52:55', '2021-01-04 16:52:55', 32),
(297, 'Steak hachés', '2021-01-04 16:52:55', '2021-01-04 16:52:55', 32),
(298, 'Poissons panés', '2021-01-04 16:54:10', '2021-01-04 16:54:10', 32),
(299, 'Faux filet', '2021-01-04 16:54:24', '2021-01-04 16:54:24', 16),
(300, 'Entrecôte', '2021-01-04 16:54:24', '2021-01-04 16:54:24', 16),
(301, 'Côtes à griller', '2021-01-04 16:55:20', '2021-01-04 16:55:20', 16),
(302, 'Bavette d\'Aloyau', '2021-01-04 16:55:44', '2021-01-04 16:55:44', 16),
(303, 'Steak à griller', '2021-01-04 16:55:58', '2021-01-04 16:55:58', 16),
(304, 'Rôti de boeuf', '2021-01-04 16:56:15', '2021-01-04 16:56:15', 16),
(305, 'Rôti de porc', '2021-01-04 16:56:38', '2021-01-04 16:56:38', 16),
(306, 'Côtes de porc', '2021-01-04 16:56:52', '2021-01-04 16:56:52', 16),
(307, 'Pavé tournedos', '2021-01-04 16:57:04', '2021-01-04 16:57:04', 16),
(308, 'Paupiettes', '2021-01-04 16:57:29', '2021-01-04 16:57:29', 16),
(309, 'Poitrine de porc', '2021-01-04 16:58:03', '2021-01-04 16:58:03', 16),
(310, 'Filet mignon', '2021-01-04 16:58:21', '2021-01-04 16:58:21', 16),
(311, 'Côtes d\'agneau', '2021-01-04 16:58:45', '2021-01-04 16:58:45', 16),
(312, 'Chipolatas', '2021-01-04 16:58:45', '2021-01-04 16:58:45', 16),
(313, 'Merguez', '2021-01-04 16:59:27', '2021-01-04 16:59:27', 16),
(314, 'Poulet entier', '2021-01-04 16:59:43', '2021-01-04 16:59:43', 17),
(315, 'Filets de poulet', '2021-01-04 16:59:43', '2021-01-04 16:59:43', 17),
(316, 'Aiguillettes de poulet', '2021-01-04 17:00:29', '2021-01-04 17:00:29', 17),
(317, 'Cuisses de poulet', '2021-01-04 17:01:04', '2021-01-04 17:01:04', 17),
(318, 'Escalopes de dinde', '2021-01-04 17:01:27', '2021-01-04 17:01:27', 17),
(319, 'Magret de canard', '2021-01-04 17:01:46', '2021-01-04 17:01:46', 17),
(320, 'Cuisses de canard', '2021-01-04 17:02:28', '2021-01-04 17:02:28', 17),
(321, 'Lapin', '2021-01-04 17:02:42', '2021-01-04 17:02:42', 17),
(322, 'Cordon bleu', '2021-01-04 17:03:10', '2021-01-04 17:03:10', 17),
(323, 'Nuggets', '2021-01-04 17:03:41', '2021-01-04 17:03:41', 17);

-- --------------------------------------------------------

--
-- Table structure for table `Subcategories`
--

CREATE TABLE `Subcategories` (
  `id` int(11) NOT NULL,
  `title` varchar(255) DEFAULT NULL,
  `image` varchar(255) DEFAULT NULL,
  `createdAt` datetime NOT NULL,
  `updatedAt` datetime NOT NULL,
  `category_id` int(11) DEFAULT NULL
) ENGINE=InnoDB DEFAULT CHARSET=utf8;

--
-- Dumping data for table `Subcategories`
--

INSERT INTO `Subcategories` (`id`, `title`, `image`, `createdAt`, `updatedAt`, `category_id`) VALUES
(16, 'Boucherie', NULL, '2020-12-02 17:48:24', '2020-12-02 17:48:24', 1),
(17, 'Volailles & gibiers', NULL, '2020-12-02 17:48:24', '2020-12-02 17:48:24', 1),
(18, 'Poissonnerie', NULL, '2020-12-02 17:49:02', '2020-12-02 17:49:02', 2),
(19, 'Traiteur de la mer', NULL, '2020-12-02 17:49:02', '2020-12-02 17:49:02', 2),
(20, 'Pains', NULL, '2020-12-02 17:49:39', '2020-12-02 17:49:39', 5),
(21, 'Pains de mie & autres', NULL, '2020-12-02 17:49:39', '2020-12-02 17:49:39', 5),
(22, 'Pâtisseries & viennoiseries', NULL, '2020-12-02 17:51:21', '2020-12-02 17:51:21', 5),
(23, 'Laits & oeufs', NULL, '2020-12-02 17:51:45', '2020-12-02 17:51:45', 6),
(24, 'Beurres & crèmes', NULL, '2020-12-02 17:51:45', '2020-12-02 17:51:45', 6),
(25, 'Fromages', NULL, '2020-12-02 17:52:43', '2020-12-02 17:52:43', 6),
(26, 'Charcuteries', NULL, '2020-12-02 17:53:05', '2020-12-02 17:53:05', 6),
(27, 'Traiteur', NULL, '2020-12-02 17:53:20', '2020-12-02 17:53:20', 6),
(29, 'Desserts', NULL, '2020-12-02 17:54:03', '2020-12-02 17:54:03', 6),
(30, 'Apéritifs, entrées & snacks', NULL, '2020-12-02 17:54:35', '2020-12-02 17:54:35', 7),
(31, 'Plats cuisinés, pizzas & tartes', NULL, '2020-12-02 17:54:35', '2020-12-02 17:54:35', 7),
(32, 'Viandes & poissons', NULL, '2020-12-02 17:55:41', '2020-12-02 17:55:41', 7),
(33, 'Légumes & frites', NULL, '2020-12-02 17:55:41', '2020-12-02 17:55:41', 7),
(34, 'Glaces & desserts glacés', NULL, '2020-12-02 17:56:32', '2020-12-02 17:56:32', 7),
(35, 'Féculents', NULL, '2020-12-02 17:58:00', '2020-12-02 17:58:00', 8),
(36, 'Sauces', NULL, '2020-12-02 17:58:00', '2020-12-02 17:58:00', 8),
(37, 'Conserves', NULL, '2020-12-02 17:58:46', '2020-12-02 17:58:46', 8),
(38, 'Plats cuisinés', NULL, '2020-12-02 17:59:09', '2020-12-02 17:59:09', 8),
(39, 'Apéritifs', NULL, '2020-12-02 17:59:33', '2020-12-02 17:59:33', 8),
(40, 'Assaisonnements & condiments', NULL, '2020-12-02 17:59:57', '2020-12-02 17:59:57', 8),
(41, 'Aides à la cuisine', NULL, '2020-12-02 18:00:24', '2020-12-02 18:00:24', 8),
(42, 'Soupes', NULL, '2020-12-02 18:00:46', '2020-12-02 18:00:46', 8),
(43, 'Saveurs du monde', NULL, '2020-12-02 18:01:06', '2020-12-02 18:01:06', 8),
(44, 'Boissons chaudes', NULL, '2020-12-02 18:03:16', '2020-12-02 18:03:16', 9),
(45, 'Petits déjeuners', NULL, '2020-12-02 18:03:16', '2020-12-02 18:03:16', 9),
(46, 'Chocolat & confiseries', NULL, '2020-12-02 18:03:58', '2020-12-02 18:03:58', 9),
(47, 'Pour cuisiner', NULL, '2020-12-02 18:04:40', '2020-12-02 18:04:40', 9),
(48, 'Pour le quotidien', NULL, '2020-12-02 18:05:32', '2020-12-02 18:05:32', 10),
(49, 'Alcools', NULL, '2020-12-02 18:05:32', '2020-12-02 18:05:32', 10),
(50, 'Alimentation', NULL, '2020-12-02 18:07:02', '2020-12-02 18:07:02', 11),
(51, 'Hygiène & soins', NULL, '2020-12-02 18:07:02', '2020-12-02 18:07:02', 11),
(52, 'Hygiène & soins du corps', NULL, '2020-12-02 18:08:16', '2020-12-02 18:08:16', 12),
(53, 'Soins du visage & maquillage', NULL, '2020-12-02 18:08:16', '2020-12-02 18:08:16', 12),
(54, 'Soins des cheveux', NULL, '2020-12-02 18:09:12', '2020-12-02 18:09:12', 12),
(55, 'Hygiène dentaire', NULL, '2020-12-02 18:09:41', '2020-12-02 18:09:41', 12),
(56, 'Hygiène féminine', NULL, '2020-12-02 18:10:20', '2020-12-02 18:10:20', 12),
(58, 'Papiers hygiéniques', NULL, '2020-12-02 18:11:01', '2020-12-02 18:11:01', 12),
(59, 'Entretien du linge', NULL, '2020-12-02 18:12:00', '2020-12-02 18:12:00', 13),
(60, 'Nettoyants vaisselle', NULL, '2020-12-02 18:12:00', '2020-12-02 18:12:00', 13),
(61, 'Nettoyants maison', NULL, '2020-12-02 18:13:11', '2020-12-02 18:13:11', 13),
(62, 'Accessoires ménagers', NULL, '2020-12-02 18:13:29', '2020-12-02 18:13:29', 13),
(63, 'Chiens', NULL, '2020-12-02 18:13:57', '2020-12-02 18:13:57', 14),
(64, 'Chats', NULL, '2020-12-02 18:13:57', '2020-12-02 18:13:57', 14),
(65, 'Autres animaux', NULL, '2020-12-02 18:14:33', '2020-12-02 18:14:33', 14),
(66, 'Maison & intérieur', NULL, '2020-12-02 18:14:49', '2020-12-02 18:14:49', 15),
(67, 'Cuisine & vaisselle', NULL, '2020-12-02 18:14:49', '2020-12-02 18:14:49', 15),
(68, 'Textile', NULL, '2020-12-02 18:15:37', '2020-12-02 18:15:37', 15),
(69, 'Jardin & extérieur', NULL, '2020-12-02 18:15:55', '2020-12-02 18:15:55', 15),
(70, 'Papeterie & fournitures', NULL, '2020-12-02 18:16:14', '2020-12-02 18:16:14', 15),
(71, 'Produits auto', NULL, '2020-12-02 18:16:38', '2020-12-02 18:16:38', 15),
(72, 'Fruits', NULL, '2020-12-08 22:30:05', '2020-12-08 22:30:05', 4),
(73, 'Légumes', NULL, '2020-12-08 22:30:05', '2020-12-08 22:30:05', 4);

--
-- Indexes for dumped tables
--

--
-- Indexes for table `Categories`
--
ALTER TABLE `Categories`
  ADD PRIMARY KEY (`id`);

--
-- Indexes for table `Products`
--
ALTER TABLE `Products`
  ADD PRIMARY KEY (`id`),
  ADD KEY `subcategory_id` (`subcategory_id`);

--
-- Indexes for table `Subcategories`
--
ALTER TABLE `Subcategories`
  ADD PRIMARY KEY (`id`),
  ADD KEY `category_id` (`category_id`);

--
-- AUTO_INCREMENT for dumped tables
--

--
-- AUTO_INCREMENT for table `Categories`
--
ALTER TABLE `Categories`
  MODIFY `id` int(11) NOT NULL AUTO_INCREMENT, AUTO_INCREMENT=16;

--
-- AUTO_INCREMENT for table `Products`
--
ALTER TABLE `Products`
  MODIFY `id` int(11) NOT NULL AUTO_INCREMENT, AUTO_INCREMENT=324;

--
-- AUTO_INCREMENT for table `Subcategories`
--
ALTER TABLE `Subcategories`
  MODIFY `id` int(11) NOT NULL AUTO_INCREMENT, AUTO_INCREMENT=74;

--
-- Constraints for dumped tables
--

--
-- Constraints for table `Products`
--
ALTER TABLE `Products`
  ADD CONSTRAINT `products_ibfk_1` FOREIGN KEY (`subcategory_id`) REFERENCES `Subcategories` (`id`) ON DELETE SET NULL ON UPDATE CASCADE;

--
-- Constraints for table `Subcategories`
--
ALTER TABLE `Subcategories`
  ADD CONSTRAINT `subcategories_ibfk_1` FOREIGN KEY (`category_id`) REFERENCES `Categories` (`id`) ON DELETE SET NULL ON UPDATE CASCADE;

/*!40101 SET CHARACTER_SET_CLIENT=@OLD_CHARACTER_SET_CLIENT */;
/*!40101 SET CHARACTER_SET_RESULTS=@OLD_CHARACTER_SET_RESULTS */;
/*!40101 SET COLLATION_CONNECTION=@OLD_COLLATION_CONNECTION */;
